,username
0,lili_pom11
1,kasander11
2,gdemokratyczna
3,krystianmiasik
4,garetg3
5,wiesci24pl
6,szymonk13
7,d_ruszkowski
8,marianmiech
9,mbalawelder
10,jarosobol
11,seszele_
12,art70593776
13,lostins80519443
14,chmieluriv
15,perwersyjny_
16,vincentsblueeye
17,lbokszczanin
18,aletkiewicz
19,f3jk
20,remek50
21,yourfemme
22,ckiarek
23,crypto_t34m
24,sejmowa
25,nibylandii
27,p_kolawa
28,patryk_mitera
29,gaternik
30,juliekarols
31,batzpees
32,towwiesiek
33,rzeczpospolita
34,the_snufkin_
36,firstthink_
37,radekbienkowski
38,lubelakus
39,adamrosak
41,michalszulist
42,pshemor
43,wilk00
44,ladyhgh
45,beata___ka
46,neuroup
47,pszast
48,2012paolo
50,wojteknegro
51,fisheyesniper
52,hellosocial_pl
53,bob_belze
54,tdudkowski
57,elementofhades
58,mechanicaiturk
59,eluwinadzbany
60,irek1666
61,proto_pl
62,michalmx4
63,sebastianjaw
64,arturnowak19
66,robm0rm0nt
68,annalubomira
70,pawepieczyrak
72,szymekstream
73,maciejkoziel
75,opsopscaffe
77,zabiegany1
78,new_wayfarer
80,lekcjawos
81,wlodw
82,karolusp
83,mucalukas
84,snory
85,doctorlex
86,marektatala
88,oloczarny
89,mije78850505
90,lookup73
91,bartosz75118722
92,fitnessklubnr1
93,grzegorzkrajski
95,zibigdy
96,matu_w_pt
97,gadudajnia
98,holownia_k
99,olejnik_lukasz1
100,mateusz97350143
102,katarzynabrandt
103,wielmozny_pan
104,przemek931
105,twarogmarcin
107,brejnakkarol
108,norbertpl
109,magdamswms
110,matradzik
111,jmokotov
112,basteksc
113,krepacz
114,piostar_blog
115,robieplacki
116,zazdzislaw
117,janpoplawski
118,monikamat1
119,iwanm43296814
120,korsan42596253
123,dstanderski
124,zjurga
126,konrad_makar
127,djacek2
128,jareckikuba
129,lovelybrandt
130,kinga78733910
131,kashankayt
132,patrykbieganski
133,_haakon_
136,hochstriess
137,jan_ziolo
138,adawaz7
139,ptacie1
141,antybeton
142,facet45pluspl
143,pikobello21
144,nostromo242
145,ppalimpsestt
147,lemurinfopl
148,boris_zee_blade
149,mrmar1an
150,padenys
151,adamadamus76
152,bo_szymoniak
153,daguuniaa
157,kropkanadl
159,gregxbang
163,kronika24pl
165,erdmanngrzegorz
166,po_podkarpackie
167,jasiu320
168,aleks617
169,07zglaszasie
170,marcinsnopkowsk
171,nszlachcinska
173,wbezsensie
176,little_cloudy_m
177,tamerlan676
179,maya80725645
181,mietek_smutny
183,takzciekawosci
185,jolasekwolszy
188,renkelg
191,eweritta
192,definition74
194,pawelbednarek1
195,cichonskir
196,ukasz68738643
198,rafamodzelewsk1
199,magdalenapcien2
